Employee Name,Employee Number
"Brown, Mia",1103024456
"LaRotonda, William  ",1106026572
"Steans, Tyrone  ",1302053333
"Howard, Estelle",1211050782
"Singh, Nan ",1307059817
"Smith, Leigh Ann",711007713
"LeBlanc, Brandon  R",1102024115
"Quinn, Sean",1206043417
"Boutwell, Bonalyn",1307060188
"Foster-Baker, Amy",1201031308
"King, Janet",1001495124
"Zamora, Jennifer",1112030816
"Becker, Renee",1102024056
"Goble, Taisha",905013738
"Hernandez, Daniff",1410071156
"Horton, Jayne",1105025718
"Johnson, Noelle ",1003018246
"Murray, Thomas",1406068403
"Pearson, Randall",1102023965
"Petrowsky, Thelma",1108027853
"Roby, Lori ",1407068885
"Rogers, Ivan",1203032255
"Salter, Jason",1111030148
"Simard, Kramer",808010278
"Zhou, Julia",1110029732
"Foss, Jason",1192991000
"Roup,Simon",1106026933
"Ruiz, Ricardo",1001175250
"Monroe, Peter",1011022863
"Dougall, Eric",1101023754
"Clayton, Rick",1301052902
"Galia, Lisa",1501072093
"Lindsay, Leonara ",602000312
"Soto, Julia ",1203032263
"Bacong, Alejandro ",1212052023
"Cisco, Anthony",1102024173
"Dolan, Linda",1101023540
"Gonzalez, Maria",1988299991
"Merlos, Carlos",1012023013
"Morway, Tanya",1001956578
"Shepard, Anita ",906014183
"Tredinnick, Neville ",1104025466
"Turpin, Jumil",1411071506
"Ait Sidi, Karthikeyan   ",1307060199
"Carr, Claudia  N",1010022337
"Favis, Donald  ",1412071562
"Roehrich, Bianca",1111030266
"Daniele, Ann  ",1411071312
"Lajiri,  Jyoti",1108028108
"Semizoglou, Jeremiah  ",904013591
"South, Joe",1308060959
"Warfield, Sarah",1301052347
"Bramante, Elisa",1006020066
"Albert, Michael  ",1501072311
"Bozzi, Charles",1303054580
"Butler, Webster  L",1110029990
"Dunn, Amy  ",1409070147
"Gray, Elijiah  ",1307060077
"Hogland, Jonathan ",1001944783
"Immediato, Walter",1403065874
"Liebig, Ketsia",1103024679
"Miller, Brannon",1107027351
"Peterson, Ebonee  ",1402065355
"Spirea, Kelley",1102024149
"Stanley, David ",1000974650
"Sullivan, Kissy ",1405067298
"Wallace, Courtney  E",1410071026
"Adinolfi, Wilson  K",1409070522
"Alagbe,Trina",1011022883
"Anderson, Carol ",1001417624
"Anderson, Linda  ",1304055947
"Athwal, Sam",1301052124
"Bachiochi, Linda",1212051409
"Baczenski, Rachael  ",1307060083
"Barbara, Thomas",1312063507
"Barone, Francesco  A",1101023679
"Barton, Nader",1212051962
"Beatrice, Courtney ",1403066194
"Becker, Scott",1110029777
"Bernstein, Sean",1109029366
"Biden, Lowan  M",1412071844
"Billis, Helen",1308060366
"Brill, Donna",1406068293
"Bugali, Josephine ",1408069635
"Carey, Michael  ",1311063114
"Chace, Beatrice ",1208048062
"Chan, Lin",1305057282
"Chang, Donovan  E",1111030129
"Chivukula, Enola",1101023394
"Cierpiszewski, Caroline  ",1012023295
"Clukey, Elijian",1407069280
"Cockel, James",1599991009
"Cole, Spencer",1001450968
"Cornett, Lisa ",1403066069
"Crimmings,   Jean",1311063172
"Darson, Jene'ya ",1001109612
"DeGweck,  James",1306058816
"Desimone, Carl ",1501072124
"Dickinson, Geoff ",706006285
"DiNocco, Lily ",1209048696
"Dobrin, Denisa  S",1202031618
"Eaton, Marianne",1406067865
"Engdahl, Jean",1007020403
"England, Rex",1101023612
"Estremera, Miguel",1104025243
"Evensen, April",1107027392
"Ferguson, Susan",1502072511
"Fernandes, Nilson  ",1302053339
"Ferreira, Violeta",803009012
"Fidelia,  Libby",1006020020
"Garcia, Raul",1309061015
"Garneau, Hamish",1104025414
"Gaul, Barbara",1105026041
"Gentry, Mildred",1501072192
"Gerke, Melisa",1308060622
"Gilles, Alex",1008020960
"Girifalco, Evelyn",1204032927
"Gold, Shenice  ",1408069539
"Gonzalez, Cayo",1411071212
"Gordon, David",1106026579
"Goyal, Roxana",1312063675
"Gross, Paula",1103024859
"Handschiegl, Joanne",1405067064
"Harrell, Ludwick",1406068241
"Harrington, Christie ",1110029602
"Harrison, Kara",1404066622
"Heitzman, Anthony",1002017900
"Ivey, Rose ",1408069882
"Jackson, Maryellen",1201031438
"Jacobi, Hannah  ",1503072857
"Jhaveri, Sneha  ",1412071713
"Johnson, George",1105025721
"Jung, Judy  ",1107027450
"Keatts, Kramer ",1301052462
"Kinsella, Kathleen  ",710007401
"Kirill, Alexandra  ",903013071
"Knapp, Bradley  J",1304055683
"Kretschmer, John",1311062610
"Langton, Enrico",1304055987
"Leach, Dallas",1408069409
"LeBel, Jonathan  R",1107027575
"Linares, Marilyn ",1206042315
"Lydon, Allison",1101023353
"Lynch, Lindsay",1001138521
"MacLennan, Samuel",1201031032
"Mahoney, Lauren  ",1209049259
"Mangal, Debbie",1308060754
"Maurice, Shana",1401064327
"Mckenna, Sandy",909015167
"Meads, Elizabeth",1409070245
"Medeiros, Jennifer",1109029256
"Motlagh,  Dawn",1102024121
"Ndzi, Horia",1204033041
"Newman, Richard ",1302053044
"Ngodup, Shari ",1403066020
"Nguyen, Lei-Ming",1203032357
"O'hare, Lynn",1206044851
"Osturnka, Adeel",1404066949
"Owad, Clinton",1103024335
"Panjwani, Nina",1109029531
"Pelech, Emil",1307060058
"Perry, Shakira",1109029186
"Peterson, Kayla ",1307059944
"Pham, Hong",1305057440
"Pitt, Brad ",1001735072
"Power, Morissa",1102024274
"Punjabhi, Louis  ",1401064562
"Purinton, Janine",1011022926
"Rarrick, Quinn",1208048229
"Rhoads, Thomas",1211050793
"Rivera, Haley  ",1405067642
"Robinson, Alain  ",1206038000
"Robinson, Cherly",1403065625
"Robinson, Elias",1011022887
"Rose, Ashley  ",710007555
"Rossetti, Bruno",1405067492
"Saar-Beckles, Melinda",1410070998
"Sadki, Nore  ",1308060535
"Sander, Kamrin",1302053362
"Sewkumar, Nori",807010161
"Shields, Seffi",1205033102
"Smith, Sade",1501071909
"Sparks, Taylor  ",1410071137
"Squatrito, Kristen",1405067138
"Stanford,Barbara  M",1111030244
"Stoica, Rick",1106026896
"Sullivan, Timothy",1201031310
"Sutwell, Barbara",1407069061
"Tavares, Desiree  ",1405067501
"Theamstern, Sophia",1404066739
"Tinto, Theresa  ",1103024504
"Tippett, Jeanette",1409070255
"Trang, Mei",1012023152
"Veera, Abdellah ",1203032235
"Volk, Colleen",1011022814
"Von Massenbach, Anna",1106026474
"Wallace, Theresa",1101023619
"Whittier, Scott",1307060212
"Wilber, Barry",1101023839
"Williams, Jacquelyn  ",1308060671
"Ybarra, Catherine ",1001268402
"Zima, Colleen",1211051232
"Akinkuolie, Sarah",1005019209
"Beak, Kimberly  ",1303054329
"Blount, Dianna",1403066125
"Bondwell, Betsy",1008021030
"Buccheri, Joseph  ",1101023457
"Burke, Joelle",1011022820
"Burkett, Benjamin ",1301052449
"Cloninger, Jennifer",1012023226
"Close, Phil",1209048697
"Davis, Daniel",1201031274
"Demita, Carla",1104025179
"Erilus, Angela",1105025661
"Faller, Megan ",1108028428
"Fancett, Nicole",1402065085
"Fitzpatrick, Michael  J",1109029103
"Foreman, Tanya",1012023204
"Gonzalez, Juan",1411071324
"Good, Susan",1001549006
"Gosciminski, Phylicia  ",1108028351
"Hankard, Earnest",1307059937
"Hendrickson, Trina",1011022932
"Homberger, Adrienne  J",1207046956
"Hunts, Julissa",1106026433
"Hutter, Rosalie",1103024924
"Huynh, Ming",1306058509
"Jeannite, Tayana",1008020942
"Johnston, Yen",1306057810
"Langford, Lindsey",1010022030
"Latif, Mohammed",1104025486
"Linden, Mathew",1405067565
"Lundy, Susan",1305056276
"Lunquist, Lisa",1001504432
"Manchester, Robyn",1110029623
"Mancuso, Karen",1304055986
"McCarthy, Brigit",1406067957
"Miller, Ned",1205033439
"Monkfish, Erasumus",1404066711
"Monterro, Luisa",1001103149
"Moran, Patrick",1408069503
"Moumanil, Maliki ",1301052436
"Nowlan, Kristie",1104025435
"Oliver, Brooke ",1001856521
"Pelletier, Ermine",1202031821
"Peters, Lauren",1411071406
"Petingill, Shana  ",1103024843
"Roberson, May",1402065340
"Robertson, Peter",1499902991
"Sahoo, Adil",1106026462
"Sloan, Constance",1012023103
"Smith, Joe",1001970770
"Tejeda, Lenora ",1406068345
"Thibaud, Kenneth",1011022777
"Trzeciak, Cybil",1107027551
"Walker, Roger",1011022818
"Winthrop, Jordan  ",1405067188
"Wolk, Hang  T",1205033180
"Woodson, Jason",1012023010
"Buck, Edward",1504073313
"Bunbury, Jessica",1504073368
"Carter, Michelle ",1403065721
"Costa, Latia",1409070567
"Dietrich, Jenna  ",1408069481
"Digitale, Alfred",1306059197
"Fraval, Maruk ",1411071302
"Friedman, Gerry",1204032843
"Gill, Whitney  ",1302053046
"Givens, Myriam",1203032099
"Gonzales, Ricardo",1411071481
"Guilianno, Mike",1001167253
Jeremy Prater,1001084890
"Khemmich, Bartholemew",1104025008
"Leruth, Giovanni",1412071660
"Martins, Joseph",1209048771
"McKinzie, Jac",1209049326
"Mullaney, Howard",1306057978
"Nguyen, Dheepa",1111030684
"Onque, Jasmine",1501072180
"Ozark, Travis",812011761
"Potts, Xana",1102024106
"Riordan, Michael",1502072711
"Strong, Caitrin",1411071295
"Terry, Sharlene ",1401064637
"Valentin,Jackie",1312063714
"Villanueva, Noah",1111030503
"Houlihan, Debra",1009021646
"Daneault, Lynn",1402065303
"Kampew, Donysha",1109029264
"Smith, John",1499902910
"Andreola, Colby",1107027358
"Carabbio, Judith",1101023577
"Del Bosque, Keyla",1203032498
"Exantus, Susan",1401064670
"Martin, Sandra",1303054625
"Patronick, Luke",1112030979
"Saada, Adell",1012023185
"Szabo, Andrew",1201031324
"True, Edward",1102024057
"Sweetwater, Alex",1001644719
"Champaigne, Brian",1009919920
"Le, Binh",1009919930
"Rachael, Maggie",1009919940
"Roper, Katie",1009919950
"Navathe, Kurt",1009919960
"Wang, Charlie",1009919970
"Smith, Jason",1009919980
"Westinghouse, Matthew",1009919990
"Hubert, Robert",1009920000
